{"cameraMode":{"drawMode":0,"name":"Shaded","section":"Shading Mode"},"sceneLighting":false,"audioPlay":false,"sceneViewState":{"showFog":true,"showMaterialUpdate":false,"showSkybox":false,"showFlares":true,"showImageEffects":true,"showParticleSystems":true},"in2DMode":false,"pivot":{"x":-0.5301810503005981,"y":1.1575450897216797,"z":-0.09411978721618653},"rotation":{"x":-0.06703057885169983,"y":0.917719304561615,"z":-0.17583872377872468,"w":-0.3498382866382599},"size":1.007161259651184,"orthographic":false}