{"cameraMode":{"drawMode":0,"name":"Shaded","section":"Shading Mode"},"sceneLighting":false,"audioPlay":false,"sceneViewState":{"showFog":true,"showMaterialUpdate":false,"showSkybox":false,"showFlares":true,"showImageEffects":true,"showParticleSystems":true},"in2DMode":false,"pivot":{"x":-0.02549556829035282,"y":0.25478869676589968,"z":-0.07513046264648438},"rotation":{"x":-0.0900929868221283,"y":-0.7154582738876343,"z":0.09390014410018921,"w":-0.6864412426948547},"size":0.7098084092140198,"orthographic":false}