{"cameraMode":{"drawMode":0,"name":"Shaded","section":"Shading Mode"},"sceneLighting":false,"audioPlay":false,"sceneViewState":{"showFog":true,"showMaterialUpdate":false,"showSkybox":false,"showFlares":true,"showImageEffects":true,"showParticleSystems":true},"in2DMode":false,"pivot":{"x":0.00259515643119812,"y":1.7887272834777833,"z":-0.14308679103851319},"rotation":{"x":0.07142090797424317,"y":-0.8685376644134522,"z":0.1312665045261383,"w":0.47256529331207278},"size":0.7098084092140198,"orthographic":false}