{"cameraMode":{"drawMode":0,"name":"Shaded","section":"Shading Mode"},"sceneLighting":false,"audioPlay":false,"sceneViewState":{"showFog":true,"showMaterialUpdate":false,"showSkybox":false,"showFlares":true,"showImageEffects":true,"showParticleSystems":true},"in2DMode":false,"pivot":{"x":-0.21333447098731996,"y":0.23690180480480195,"z":-0.09009842574596405},"rotation":{"x":0.050073038786649707,"y":-0.9296146631240845,"z":0.13764625787734986,"w":0.33817559480667117},"size":0.6392371654510498,"orthographic":false}