{"cameraMode":{"drawMode":0,"name":"Shaded","section":"Shading Mode"},"sceneLighting":false,"audioPlay":false,"sceneViewState":{"showFog":true,"showMaterialUpdate":false,"showSkybox":false,"showFlares":true,"showImageEffects":true,"showParticleSystems":true},"in2DMode":false,"pivot":{"x":0.05380335450172424,"y":0.16097502410411836,"z":0.012280059047043324},"rotation":{"x":0.14471863210201264,"y":-0.2465420812368393,"z":0.03726102411746979,"w":0.957542896270752},"size":0.48101842403411868,"orthographic":false}