{"cameraMode":{"drawMode":0,"name":"Shaded","section":"Shading Mode"},"sceneLighting":false,"audioPlay":false,"sceneViewState":{"showFog":true,"showMaterialUpdate":false,"showSkybox":false,"showFlares":true,"showImageEffects":true,"showParticleSystems":true},"in2DMode":false,"pivot":{"x":0.15538859367370606,"y":1.754927396774292,"z":-0.36249351501464846},"rotation":{"x":-0.02367551065981388,"y":-0.9498380422592163,"z":0.07423724234104157,"w":-0.3029007017612457},"size":0.7098084092140198,"orthographic":false}