{"cameraMode":{"drawMode":0,"name":"Shaded","section":"Shading Mode"},"sceneLighting":false,"audioPlay":false,"sceneViewState":{"showFog":true,"showMaterialUpdate":false,"showSkybox":false,"showFlares":true,"showImageEffects":true,"showParticleSystems":true},"in2DMode":false,"pivot":{"x":-0.6985441446304321,"y":1.6526455879211426,"z":0.0400417298078537},"rotation":{"x":0.06879057735204697,"y":-0.7145389914512634,"z":0.0709710493683815,"w":0.6925837993621826},"size":0.7098084092140198,"orthographic":false}