{"cameraMode":{"drawMode":0,"name":"Shaded","section":"Shading Mode"},"sceneLighting":false,"audioPlay":false,"sceneViewState":{"showFog":true,"showMaterialUpdate":false,"showSkybox":false,"showFlares":true,"showImageEffects":true,"showParticleSystems":true},"in2DMode":false,"pivot":{"x":0.62392657995224,"y":1.3322412967681885,"z":0.7395777702331543},"rotation":{"x":-0.05160277336835861,"y":0.9301387071609497,"z":-0.14372694492340089,"w":-0.3339501619338989},"size":0.38302966952323916,"orthographic":false}