{"cameraMode":{"drawMode":0,"name":"Shaded","section":"Shading Mode"},"sceneLighting":false,"audioPlay":false,"sceneViewState":{"showFog":true,"showMaterialUpdate":false,"showSkybox":false,"showFlares":true,"showImageEffects":true,"showParticleSystems":true},"in2DMode":false,"pivot":{"x":0.7615113258361816,"y":1.1921029090881348,"z":1.2275797128677369},"rotation":{"x":-0.027147971093654634,"y":0.9548818469047546,"z":-0.09224941581487656,"w":-0.2810010612010956},"size":0.33582261204719546,"orthographic":false}