{"cameraMode":{"drawMode":0,"name":"Shaded","section":"Shading Mode"},"sceneLighting":false,"audioPlay":false,"sceneViewState":{"showFog":true,"showMaterialUpdate":false,"showSkybox":false,"showFlares":true,"showImageEffects":true,"showParticleSystems":true},"in2DMode":false,"pivot":{"x":-0.8113071918487549,"y":1.4518617391586304,"z":0.6689689755439758},"rotation":{"x":0.0479363389313221,"y":0.9271922707557678,"z":-0.1273537129163742,"w":0.34899774193763735},"size":0.27828481793403628,"orthographic":false}