{"cameraMode":{"drawMode":0,"name":"Shaded","section":"Shading Mode"},"sceneLighting":false,"audioPlay":false,"sceneViewState":{"showFog":true,"showMaterialUpdate":false,"showSkybox":false,"showFlares":true,"showImageEffects":true,"showParticleSystems":true},"in2DMode":false,"pivot":{"x":0.06999999284744263,"y":0.4642871618270874,"z":0.6364998817443848},"rotation":{"x":0.05423080176115036,"y":-0.9415038824081421,"z":0.18448935449123383,"w":0.2767561674118042},"size":1.7718205451965333,"orthographic":false}