{"cameraMode":{"drawMode":0,"name":"Shaded","section":"Shading Mode"},"sceneLighting":false,"audioPlay":false,"sceneViewState":{"showFog":true,"showMaterialUpdate":false,"showSkybox":false,"showFlares":true,"showImageEffects":true,"showParticleSystems":true},"in2DMode":false,"pivot":{"x":0.4929209053516388,"y":0.7762948870658875,"z":0.8695994019508362},"rotation":{"x":-0.015449275262653828,"y":0.9648417830467224,"z":-0.058259569108486179,"w":-0.2558416724205017},"size":0.3329266607761383,"orthographic":false}