{"cameraMode":{"drawMode":0,"name":"Shaded","section":"Shading Mode"},"sceneLighting":false,"audioPlay":false,"sceneViewState":{"showFog":true,"showMaterialUpdate":false,"showSkybox":false,"showFlares":true,"showImageEffects":true,"showParticleSystems":true},"in2DMode":false,"pivot":{"x":0.11442703008651734,"y":0.2071114182472229,"z":0.16058146953582765},"rotation":{"x":0.21748962998390199,"y":0.5579422116279602,"z":-0.15441520512104035,"w":0.7858474850654602},"size":0.5230345129966736,"orthographic":false}