{"cameraMode":{"drawMode":0,"name":"Shaded","section":"Shading Mode"},"sceneLighting":false,"audioPlay":false,"sceneViewState":{"showFog":true,"showMaterialUpdate":false,"showSkybox":false,"showFlares":true,"showImageEffects":true,"showParticleSystems":true},"in2DMode":false,"pivot":{"x":2.765723943710327,"y":50.519500732421878,"z":0.0},"rotation":{"x":0.1396767497062683,"y":-0.33167654275894167,"z":0.04972244054079056,"w":0.9316895008087158},"size":0.7567148804664612,"orthographic":false}