{"cameraMode":{"drawMode":0,"name":"Shaded","section":"Shading Mode"},"sceneLighting":false,"audioPlay":false,"sceneViewState":{"showFog":true,"showMaterialUpdate":false,"showSkybox":false,"showFlares":true,"showImageEffects":true,"showParticleSystems":true},"in2DMode":false,"pivot":{"x":-0.019873958081007005,"y":0.36708083748817446,"z":0.045546501874923709},"rotation":{"x":0.12515364587306977,"y":-0.8510922789573669,"z":0.2355467528104782,"w":0.4522133469581604},"size":0.5505724549293518,"orthographic":false}